valuex,valuey,valuez,correct
0.238223,-0.00837971,0.407014,0
-0.0849942,-0.11971,0.711078,1
-0.925359,0.618901,0.40462,0